config_id,segment,cost_case,trades,trade_win_rate,profit_factor,mean_return,total_return,max_drawdown,active_days,positive_active_day_rate,calendar_days_covered,positive_calendar_day_rate,active_weeks,positive_active_week_rate,active_months,positive_active_month_rate,first_exit,last_exit
0011595a7d28ef,full,base,171,0.7953216374269005,1.2668914066770969,0.0009965376677326444,0.1731521083004841,-0.09259342799888759,166,0.7891566265060241,2311,0.05668541756815231,120,0.7583333333333333,63,0.6666666666666666,2020-03-03T15:00:00+00:00,2026-06-30T05:00:00+00:00
0011595a7d28ef,pre,base,131,0.8015267175572519,1.3339313709348515,0.0012318857721281859,0.16499196333493393,-0.09259342799888759,127,0.7952755905511811,1940,0.052061855670103095,94,0.776595744680851,53,0.6981132075471698,2020-03-03T15:00:00+00:00,2025-06-24T09:00:00+00:00
0011595a7d28ef,oos,base,40,0.775,1.0581784762648276,0.0002257726258372464,0.007004464599215998,-0.04354024628862252,39,0.7692307692307693,302,0.09933774834437085,26,0.6923076923076923,10,0.5,2025-09-02T13:00:00+00:00,2026-06-30T05:00:00+00:00
0011595a7d28ef,oos,stress,40,0.75,0.7656909099829843,-0.0009742273741627533,-0.040212024692760084,-0.056459138207758386,39,0.7435897435897436,302,0.09602649006622517,26,0.6538461538461539,10,0.5,2025-09-02T13:00:00+00:00,2026-06-30T05:00:00+00:00
0c27ea5e60af99,full,base,127,0.6614173228346457,0.5765322789078583,-0.0012616595309598824,-0.15068803386616814,-0.17577759827741768,124,0.6532258064516129,2375,0.034105263157894736,109,0.6146788990825688,64,0.484375,2020-01-09T02:00:00+00:00,2026-07-10T20:00:00+00:00
0c27ea5e60af99,pre,base,114,0.6491228070175439,0.5467622084300746,-0.001455651878333495,-0.15548645166742048,-0.17577759827741768,112,0.6428571428571429,1999,0.03601800900450225,98,0.6020408163265306,56,0.4642857142857143,2020-01-09T02:00:00+00:00,2025-06-29T07:00:00+00:00
0c27ea5e60af99,oos,base,13,0.7692307692307693,1.466528887887364,0.0004395041306241069,0.005681871902145863,-0.003774953796615743,12,0.75,349,0.025787965616045846,11,0.7272727272727273,8,0.625,2025-07-27T10:45:00+00:00,2026-07-10T20:00:00+00:00
0c27ea5e60af99,oos,stress,13,0.5384615384615384,0.42610014881769553,-0.0007604958693758929,-0.009887619774275103,-0.005071173934108608,12,0.5833333333333334,349,0.02005730659025788,11,0.5454545454545454,8,0.5,2025-07-27T10:45:00+00:00,2026-07-10T20:00:00+00:00
0ddaafafb62640,full,base,247,0.4574898785425101,0.9582268478605465,-0.00022778077959921466,-0.07298569550258238,-0.3086710295853726,241,0.46473029045643155,2374,0.04717775905644482,158,0.47468354430379744,74,0.5135135135135135,2020-01-06T23:30:00+00:00,2026-07-06T03:30:00+00:00
0ddaafafb62640,pre,base,221,0.4434389140271493,0.931218435998978,-0.00039299037413354735,-0.1000031667654887,-0.3086710295853726,216,0.4537037037037037,2017,0.04858701041150223,138,0.47101449275362317,63,0.5238095238095238,2020-01-06T23:30:00+00:00,2025-07-14T04:00:00+00:00
0ddaafafb62640,oos,base,26,0.5769230769230769,1.3635633225385715,0.0011765007739426149,0.030019518141866985,-0.03846505096892383,25,0.56,335,0.041791044776119404,20,0.5,11,0.45454545454545453,2025-08-06T22:00:00+00:00,2026-07-06T03:30:00+00:00
0ddaafafb62640,oos,stress,26,0.46153846153846156,0.9938464577773904,-2.3499226057384895e-05,-0.0016053709619483492,-0.05226541043451005,25,0.44,335,0.03283582089552239,20,0.45,11,0.45454545454545453,2025-08-06T22:00:00+00:00,2026-07-06T03:30:00+00:00
4da361215162fa,full,base,253,0.5810276679841897,1.1106922408182782,0.00048710088997423165,0.10403287755161439,-0.19414854116061375,225,0.5555555555555556,2340,0.053418803418803416,163,0.5337423312883436,72,0.5277777777777778,2020-02-20T14:30:00+00:00,2026-07-17T15:15:00+00:00
4da361215162fa,pre,base,202,0.5792079207920792,1.098576456063027,0.0004545965430157474,0.07184355355282412,-0.19414854116061375,183,0.5628415300546448,1946,0.052929085303186026,131,0.5572519083969466,60,0.5166666666666667,2020-02-20T14:30:00+00:00,2025-06-18T17:30:00+00:00
4da361215162fa,oos,base,51,0.5882352941176471,1.1727806077819718,0.0006158435975352873,0.030031737273684023,-0.03998984313823728,42,0.5238095238095238,351,0.06267806267806268,32,0.4375,12,0.5833333333333334,2025-08-01T14:00:00+00:00,2026-07-17T15:15:00+00:00
4da361215162fa,oos,stress,51,0.5882352941176471,0.8560633586677422,-0.0005841564024647123,-0.031119279815452927,-0.060663673433270504,42,0.5238095238095238,351,0.06267806267806268,32,0.4375,12,0.4166666666666667,2025-08-01T14:00:00+00:00,2026-07-17T15:15:00+00:00
6afb52531f2875,full,base,127,0.6614173228346457,0.5765322789078583,-0.0012616595309598824,-0.15068803386616814,-0.17577759827741768,124,0.6532258064516129,2375,0.034105263157894736,109,0.6146788990825688,64,0.484375,2020-01-09T02:00:00+00:00,2026-07-10T20:00:00+00:00
6afb52531f2875,pre,base,114,0.6491228070175439,0.5467622084300746,-0.001455651878333495,-0.15548645166742048,-0.17577759827741768,112,0.6428571428571429,1999,0.03601800900450225,98,0.6020408163265306,56,0.4642857142857143,2020-01-09T02:00:00+00:00,2025-06-29T07:00:00+00:00
6afb52531f2875,oos,base,13,0.7692307692307693,1.466528887887364,0.0004395041306241069,0.005681871902145863,-0.003774953796615743,12,0.75,349,0.025787965616045846,11,0.7272727272727273,8,0.625,2025-07-27T10:45:00+00:00,2026-07-10T20:00:00+00:00
6afb52531f2875,oos,stress,13,0.5384615384615384,0.42610014881769553,-0.0007604958693758929,-0.009887619774275103,-0.005071173934108608,12,0.5833333333333334,349,0.02005730659025788,11,0.5454545454545454,8,0.5,2025-07-27T10:45:00+00:00,2026-07-10T20:00:00+00:00
78293b292523ea,full,base,186,0.4946236559139785,1.1961559245602287,0.0013499856298433857,0.25190009345164466,-0.1751936320403671,184,0.4891304347826087,2349,0.038314176245210725,146,0.5136986301369864,75,0.49333333333333335,2020-02-10T07:00:00+00:00,2026-07-16T15:00:00+00:00
78293b292523ea,pre,base,157,0.49044585987261147,1.1999244066092833,0.0014303905528617773,0.22202303721923444,-0.1751936320403671,155,0.4838709677419355,1959,0.03828483920367534,123,0.5040650406504065,63,0.47619047619047616,2020-02-10T07:00:00+00:00,2025-06-21T21:00:00+00:00
78293b292523ea,oos,base,29,0.5172413793103449,1.1691609404104875,0.0009146900121231242,0.024448848607957263,-0.05700255321275227,29,0.5172413793103449,353,0.042492917847025496,23,0.5652173913043478,12,0.5833333333333334,2025-07-29T04:00:00+00:00,2026-07-16T15:00:00+00:00
78293b292523ea,oos,stress,29,0.5172413793103449,0.9523413252060081,-0.0002853099878768755,-0.010583560008220028,-0.06457012283203778,29,0.5172413793103449,353,0.042492917847025496,23,0.5652173913043478,12,0.5833333333333334,2025-07-29T04:00:00+00:00,2026-07-16T15:00:00+00:00
7b12bcd0e19b02,full,base,172,0.45930232558139533,1.1837056054979722,0.001122673390784593,0.18809573892171216,-0.13850075561536213,171,0.4619883040935672,2349,0.033631332481907195,139,0.49640287769784175,74,0.5,2020-02-10T07:00:00+00:00,2026-07-16T15:00:00+00:00
7b12bcd0e19b02,pre,base,141,0.44680851063829785,1.1625186850483562,0.0010481125396636032,0.1378554712042548,-0.13850075561536213,140,0.45,1960,0.03214285714285714,115,0.4782608695652174,62,0.46774193548387094,2020-02-10T07:00:00+00:00,2025-06-22T23:00:00+00:00
7b12bcd0e19b02,oos,base,31,0.5161290322580645,1.3195704205526244,0.0014618050039478057,0.044153470268315065,-0.028180615862048786,31,0.5161290322580645,353,0.0453257790368272,24,0.5833333333333334,12,0.6666666666666666,2025-07-29T03:00:00+00:00,2026-07-16T15:00:00+00:00
7b12bcd0e19b02,oos,stress,31,0.5161290322580645,1.0507873400504186,0.00026180500394780605,0.00605176274139918,-0.03634825775723194,31,0.5161290322580645,353,0.0453257790368272,24,0.5,12,0.5,2025-07-29T03:00:00+00:00,2026-07-16T15:00:00+00:00
7de4db9c2df145,full,base,218,0.4908256880733945,1.169950280994665,0.0008465699574929271,0.17424008363327137,-0.10058991562407393,201,0.48756218905472637,2381,0.04115917681646367,152,0.5,73,0.5068493150684932,2020-01-10T11:15:00+00:00,2026-07-17T17:00:00+00:00
7de4db9c2df145,pre,base,178,0.4887640449438202,1.1766229077427175,0.0008893293764000159,0.14683072449126255,-0.10058991562407393,165,0.4909090909090909,1987,0.04076497232008052,126,0.5,62,0.5,2020-01-10T11:15:00+00:00,2025-06-18T19:00:00+00:00
7de4db9c2df145,oos,base,40,0.5,1.1384172024852264,0.0006562905433563817,0.023900091405527624,-0.04156002619735455,36,0.4722222222222222,351,0.04843304843304843,26,0.5,11,0.5454545454545454,2025-08-01T14:15:00+00:00,2026-07-17T17:00:00+00:00
7de4db9c2df145,oos,stress,40,0.45,0.898885167882554,-0.000543709456643618,-0.024089749193974774,-0.061534125639933435,36,0.4444444444444444,351,0.045584045584045586,26,0.5,11,0.5454545454545454,2025-08-01T14:15:00+00:00,2026-07-17T17:00:00+00:00
8f83507b062623,full,base,153,0.7058823529411765,1.5407318601646085,0.001921955825726946,0.3289143946595654,-0.056462244564074004,147,0.7006802721088435,2306,0.04466608846487424,126,0.6666666666666666,65,0.6153846153846154,2020-03-04T15:15:00+00:00,2026-06-26T06:45:00+00:00
8f83507b062623,pre,base,120,0.7333333333333333,1.70215329860684,0.002342273995736966,0.31389011159845137,-0.056462244564074004,116,0.7241379310344828,1933,0.04345576823590274,101,0.6831683168316832,55,0.6181818181818182,2020-03-04T15:15:00+00:00,2025-06-18T17:30:00+00:00
8f83507b062623,oos,base,33,0.6060606060606061,1.0904873223680833,0.00039352611659959895,0.011434961667255106,-0.03650879018103825,31,0.6129032258064516,330,0.05757575757575758,25,0.6,10,0.6,2025-08-01T14:00:00+00:00,2026-06-26T06:45:00+00:00
8f83507b062623,oos,stress,33,0.6060606060606061,0.8327404595515577,-0.0008064738834004007,-0.02784691172765985,-0.048012141145691745,31,0.5806451612903226,330,0.05454545454545454,25,0.56,10,0.4,2025-08-01T14:00:00+00:00,2026-06-26T06:45:00+00:00
90560d58111e56,full,base,223,0.4304932735426009,0.9365240642786453,-0.0003888751507477383,-0.10126665753775055,-0.3120511587422977,216,0.4351851851851852,2374,0.039595619208087615,150,0.46,73,0.5068493150684932,2020-01-06T23:30:00+00:00,2026-07-06T03:30:00+00:00
90560d58111e56,pre,base,197,0.4213197969543147,0.9119145479409645,-0.0005621811122768227,-0.12151420263914448,-0.3120511587422977,191,0.4293193717277487,2017,0.0406544372830937,130,0.45384615384615384,62,0.5,2020-01-06T23:30:00+00:00,2025-07-14T04:00:00+00:00
90560d58111e56,oos,base,26,0.5,1.2207154163961287,0.0009242507885303253,0.02304823272296619,-0.03917824732791464,25,0.48,334,0.03592814371257485,20,0.5,11,0.5454545454545454,2025-08-07T01:00:00+00:00,2026-07-06T03:30:00+00:00
90560d58111e56,oos,stress,26,0.5,0.9424025250591158,-0.0002757492114696744,-0.008370983455105674,-0.052969328578949315,25,0.48,334,0.03592814371257485,20,0.45,11,0.36363636363636365,2025-08-07T01:00:00+00:00,2026-07-06T03:30:00+00:00
a565c95ea659ad,full,base,131,0.5190839694656488,1.2637456373040683,0.001752910598233835,0.2361603324114454,-0.15254086620805485,131,0.5190839694656488,2349,0.02894848871860366,110,0.5636363636363636,64,0.578125,2020-02-10T07:00:00+00:00,2026-07-16T15:00:00+00:00
a565c95ea659ad,pre,base,113,0.5132743362831859,1.2505707783737718,0.0017466357645050802,0.19848634517589225,-0.15254086620805485,113,0.5132743362831859,1930,0.03005181347150259,93,0.5591397849462365,53,0.5471698113207547,2020-02-10T07:00:00+00:00,2025-05-23T13:00:00+00:00
a565c95ea659ad,oos,base,18,0.5555555555555556,1.3888169426016719,0.0017923026099754616,0.03143464035881327,-0.02612922485491831,18,0.5555555555555556,350,0.02857142857142857,17,0.5882352941176471,11,0.7272727272727273,2025-08-01T00:00:00+00:00,2026-07-16T15:00:00+00:00
a565c95ea659ad,oos,stress,18,0.5555555555555556,1.1151675528144338,0.0005923026099754619,0.009417399767718937,-0.03338681290979428,18,0.5555555555555556,350,0.02857142857142857,17,0.5294117647058824,11,0.7272727272727273,2025-08-01T00:00:00+00:00,2026-07-16T15:00:00+00:00
ba0c5d34a6d53f,full,base,226,0.4557522123893805,0.9524591568359717,-0.00026053495122324723,-0.07396478553859376,-0.29300034416252985,221,0.46153846153846156,2374,0.04296545914069082,152,0.46710526315789475,73,0.4931506849315068,2020-01-06T23:30:00+00:00,2026-07-06T03:30:00+00:00
ba0c5d34a6d53f,pre,base,202,0.44554455445544555,0.9296779702419397,-0.00040187863604026764,-0.09349484511422979,-0.29300034416252985,198,0.45454545454545453,2017,0.04462072384729797,132,0.4621212121212121,62,0.5,2020-01-06T23:30:00+00:00,2025-07-14T04:00:00+00:00
ba0c5d34a6d53f,oos,base,24,0.5416666666666666,1.265028032972627,0.0009291077293200079,0.021544344751240896,-0.03923441437921549,23,0.5217391304347826,335,0.03582089552238806,20,0.5,11,0.45454545454545453,2025-08-06T22:00:00+00:00,2026-07-06T03:30:00+00:00
ba0c5d34a6d53f,oos,stress,24,0.4583333333333333,0.9342560415269595,-0.0002708922706799917,-0.0074494329430322415,-0.051886906249519416,23,0.43478260869565216,335,0.029850746268656716,20,0.45,11,0.45454545454545453,2025-08-06T22:00:00+00:00,2026-07-06T03:30:00+00:00
c375850268f7ce,full,base,153,0.6013071895424836,0.9709915075937944,-0.000145679492417486,-0.03437411685104763,-0.15002150273076642,140,0.6,2359,0.03560830860534125,110,0.6181818181818182,69,0.5217391304347826,2020-01-27T12:00:00+00:00,2026-07-12T07:00:00+00:00
c375850268f7ce,pre,base,133,0.5864661654135338,0.947445783430942,-0.00027708575447492074,-0.04754879630913733,-0.15002150273076642,122,0.5819672131147541,1993,0.03562468640240843,95,0.6,60,0.5166666666666667,2020-01-27T12:00:00+00:00,2025-07-11T18:00:00+00:00
c375850268f7ce,oos,base,20,0.7,1.216932650202642,0.0007281721502644569,0.013832393100073226,-0.03146533230199389,18,0.7222222222222222,342,0.038011695906432746,15,0.7333333333333333,9,0.5555555555555556,2025-08-05T11:00:00+00:00,2026-07-12T07:00:00+00:00
c375850268f7ce,oos,stress,20,0.7,0.8730510475092511,-0.0004718278497355427,-0.010208839893241728,-0.03730021724250565,18,0.7222222222222222,342,0.038011695906432746,15,0.7333333333333333,9,0.5555555555555556,2025-08-05T11:00:00+00:00,2026-07-12T07:00:00+00:00
d3c6e0ebd1039b,full,base,169,0.6331360946745562,0.8743237420741554,-0.0004149082674703473,-0.07170522158526804,-0.09092291940168407,158,0.620253164556962,2365,0.04143763213530655,121,0.5454545454545454,63,0.49206349206349204,2020-01-14T10:00:00+00:00,2026-07-05T22:45:00+00:00
d3c6e0ebd1039b,pre,base,150,0.6266666666666667,0.8606895739891205,-0.0004688975151240358,-0.07152655017154697,-0.09092291940168407,139,0.6115107913669064,2012,0.04224652087475149,105,0.5333333333333333,54,0.46296296296296297,2020-01-14T10:00:00+00:00,2025-07-17T21:45:00+00:00
d3c6e0ebd1039b,oos,base,19,0.6842105263157895,1.0040544281811306,1.132263505877203e-05,-0.0001924356735825139,-0.030589802201081873,19,0.6842105263157895,349,0.03724928366762178,16,0.625,10,0.6,2025-07-22T17:15:00+00:00,2026-07-05T22:45:00+00:00
d3c6e0ebd1039b,oos,stress,19,0.6842105263157895,0.625212824741719,-0.0011886773649412276,-0.02274422874725479,-0.03411176002201011,19,0.6842105263157895,349,0.03724928366762178,16,0.625,10,0.6,2025-07-22T17:15:00+00:00,2026-07-05T22:45:00+00:00
d9543227804c56,full,base,186,0.6881720430107527,1.0683185669638915,0.0002514660586021741,0.04020391764082265,-0.09426470736670389,174,0.6781609195402298,2362,0.04995766299745978,140,0.6214285714285714,74,0.5405405405405406,2020-01-25T00:45:00+00:00,2026-07-13T19:00:00+00:00
d9543227804c56,pre,base,150,0.6933333333333334,1.085484145124178,0.0003169587153711066,0.042246564753711136,-0.09426470736670389,141,0.6808510638297872,1985,0.04836272040302267,116,0.6293103448275862,62,0.5483870967741935,2020-01-25T00:45:00+00:00,2025-07-01T19:00:00+00:00
d9543227804c56,oos,base,36,0.6666666666666666,0.9939969715776781,-2.1420011268377824e-05,-0.001959850175539124,-0.04840275039181219,33,0.6666666666666666,319,0.06896551724137931,24,0.5833333333333334,12,0.5,2025-08-29T08:00:00+00:00,2026-07-13T19:00:00+00:00
d9543227804c56,oos,stress,36,0.6666666666666666,0.692198038913687,-0.0012214200112683775,-0.04418558015459484,-0.06255278590057856,33,0.6666666666666666,319,0.06896551724137931,24,0.5833333333333334,12,0.4166666666666667,2025-08-29T08:00:00+00:00,2026-07-13T19:00:00+00:00
dd7ee8d88411b3,full,base,302,0.5,1.1134703500839753,0.0005213925202217703,0.14105833842924143,-0.17235727301505255,265,0.5018867924528302,2340,0.05683760683760684,192,0.5104166666666666,75,0.4666666666666667,2020-02-20T14:30:00+00:00,2026-07-17T16:30:00+00:00
dd7ee8d88411b3,pre,base,245,0.5020408163265306,1.1206022680105672,0.000567050528100344,0.12311634923429682,-0.17235727301505255,218,0.5045871559633027,1946,0.0565262076053443,157,0.5095541401273885,62,0.45161290322580644,2020-02-20T14:30:00+00:00,2025-06-18T17:45:00+00:00
dd7ee8d88411b3,oos,base,57,0.49122807017543857,1.0786191613178795,0.00032514318811211075,0.015975182987209013,-0.05643494188292919,47,0.48936170212765956,360,0.06388888888888888,35,0.5142857142857142,13,0.5384615384615384,2025-07-23T17:15:00+00:00,2026-07-17T16:30:00+00:00
dd7ee8d88411b3,oos,stress,57,0.45614035087719296,0.8167103056296406,-0.0008748568118878889,-0.05121809970706859,-0.08363588759149976,47,0.44680851063829785,360,0.058333333333333334,35,0.4,13,0.5384615384615384,2025-07-23T17:15:00+00:00,2026-07-17T16:30:00+00:00
ddb19fd0a68846,full,base,386,0.8290155440414507,0.9689363671497987,-0.0001740755596848085,-0.11950432001499978,-0.28632639525954817,268,0.7574626865671642,2368,0.08572635135135136,170,0.6588235294117647,75,0.5066666666666667,2020-01-23T23:00:00+00:00,2026-07-17T14:00:00+00:00
ddb19fd0a68846,pre,base,311,0.8263665594855305,0.9782235988489539,-0.00012737215352761618,-0.0890934833911301,-0.28632639525954817,217,0.7511520737327189,1978,0.08240647118301314,140,0.65,62,0.5161290322580645,2020-01-23T23:00:00+00:00,2025-06-22T15:00:00+00:00
ddb19fd0a68846,oos,base,75,0.84,0.919827619970523,-0.0003677390172166331,-0.033385244335591646,-0.10593064741505909,51,0.7843137254901961,360,0.1111111111111111,30,0.7,13,0.46153846153846156,2025-07-23T21:00:00+00:00,2026-07-17T14:00:00+00:00
ddb19fd0a68846,oos,stress,75,0.84,0.671942487662286,-0.0015677390172166327,-0.11667130698735961,-0.17019010437351345,51,0.7843137254901961,360,0.1111111111111111,30,0.7,13,0.46153846153846156,2025-07-23T21:00:00+00:00,2026-07-17T14:00:00+00:00
e6da9b503cc726,full,base,412,0.6529126213592233,0.8224962685180546,-0.0005123776924919509,-0.19700243921207605,-0.21505544647349772,347,0.6195965417867435,2390,0.0899581589958159,213,0.5305164319248826,76,0.4605263157894737,2020-01-03T17:45:00+00:00,2026-07-19T14:55:00+00:00
e6da9b503cc726,pre,base,366,0.6475409836065574,0.8099283536466885,-0.0005672987563558577,-0.19375039788612913,-0.21505544647349772,306,0.6111111111111112,2024,0.09239130434782608,189,0.5238095238095238,65,0.4461538461538462,2020-01-03T17:45:00+00:00,2025-07-18T18:20:00+00:00
e6da9b503cc726,oos,base,46,0.6956521739130435,0.9642018651037826,-7.539705392260581e-05,-0.0040335416196433105,-0.02803410299664455,41,0.6829268292682927,358,0.0782122905027933,24,0.5833333333333334,12,0.5833333333333334,2025-07-27T05:05:00+00:00,2026-07-19T14:55:00+00:00
e6da9b503cc726,oos,stress,46,0.5869565217391305,0.49297068040630876,-0.0012753970539226055,-0.05755752118246882,-0.06552081023735645,41,0.5609756097560976,358,0.06424581005586592,24,0.375,12,0.4166666666666667,2025-07-27T05:05:00+00:00,2026-07-19T14:55:00+00:00
e81496e0c4a377,full,base,439,0.48519362186788156,1.2040252315967952,0.00121464962935206,0.6074740301707273,-0.15546371650932134,371,0.48517520215633425,2378,0.07569386038687972,217,0.47465437788018433,77,0.5454545454545454,2020-01-11T22:00:00+00:00,2026-07-15T19:00:00+00:00
e81496e0c4a377,pre,base,391,0.4936061381074169,1.2111805926880888,0.0012889510390003335,0.5671898407202978,-0.15546371650932134,326,0.5,2016,0.08085317460317461,188,0.4734042553191489,65,0.5538461538461539,2020-01-11T22:00:00+00:00,2025-07-18T08:00:00+00:00
e81496e0c4a377,oos,base,48,0.4166666666666667,1.1288221497491517,0.0006094027299254993,0.025704728555358214,-0.05453056184392624,45,0.37777777777777777,361,0.04709141274238227,30,0.4666666666666667,13,0.46153846153846156,2025-07-20T18:00:00+00:00,2026-07-15T19:00:00+00:00
e81496e0c4a377,oos,stress,48,0.375,0.892124965331214,-0.0005905972700745004,-0.03171498760935487,-0.066999774630214,45,0.35555555555555557,361,0.0443213296398892,30,0.4,13,0.38461538461538464,2025-07-20T18:00:00+00:00,2026-07-15T19:00:00+00:00
fb584438b4e117,full,base,152,0.6381578947368421,0.9726827964675147,-0.0001544027411233718,-0.03703829756159427,-0.12271451073393103,139,0.6187050359712231,2359,0.03645612547689699,109,0.5963302752293578,69,0.5362318840579711,2020-01-27T12:00:00+00:00,2026-07-12T07:00:00+00:00
fb584438b4e117,pre,base,131,0.6259541984732825,0.9610152447131453,-0.00023113041604156802,-0.04263137415822127,-0.12041404809539213,120,0.6083333333333333,1993,0.03662819869543402,94,0.5957446808510638,60,0.55,2020-01-27T12:00:00+00:00,2025-07-11T18:00:00+00:00
fb584438b4e117,oos,base,21,0.7142857142857143,1.082559616530664,0.000324231802413948,0.005842134832556356,-0.030924878821814272,19,0.6842105263157895,342,0.038011695906432746,15,0.6,9,0.4444444444444444,2025-08-05T11:00:00+00:00,2026-07-12T07:00:00+00:00
fb584438b4e117,oos,stress,21,0.6666666666666666,0.7969897286380707,-0.0008757681975860517,-0.019197523216939127,-0.0390727906889915,19,0.631578947368421,342,0.03508771929824561,15,0.6,9,0.4444444444444444,2025-08-05T11:00:00+00:00,2026-07-12T07:00:00+00:00
