ensemble_id,size,positive_active_day_rate,positive_calendar_day_rate,active_days,total_return,max_dd,daily_sharpe,members
c375850268f7ce+0011595a7d28ef,2,0.75,0.11239193083573487,52,0.01569312426270919,-0.03713321467424824,0.47679235444229634,"[""c375850268f7ce"", ""0011595a7d28ef""]"
0011595a7d28ef+d3c6e0ebd1039b,2,0.75,0.12103746397694524,56,0.007422797250594915,-0.03530944980472195,0.23654299284013175,"[""0011595a7d28ef"", ""d3c6e0ebd1039b""]"
0011595a7d28ef+e6da9b503cc726,2,0.7432432432432432,0.1585014409221902,74,0.008898992911015702,-0.027557030829891915,0.2765118933866955,"[""0011595a7d28ef"", ""e6da9b503cc726""]"
fb584438b4e117+0011595a7d28ef+d3c6e0ebd1039b,3,0.7391304347826086,0.14697406340057637,69,0.009596422029595875,-0.03052462607863682,0.39511527511517724,"[""fb584438b4e117"", ""0011595a7d28ef"", ""d3c6e0ebd1039b""]"
c375850268f7ce+6afb52531f2875+0011595a7d28ef,3,0.7377049180327869,0.12968299711815562,61,0.012191317905209553,-0.025738649160468086,0.5325805820428154,"[""c375850268f7ce"", ""6afb52531f2875"", ""0011595a7d28ef""]"
c375850268f7ce+0c27ea5e60af99+0011595a7d28ef,3,0.7377049180327869,0.12968299711815562,61,0.012191317905209553,-0.025738649160468086,0.5325805820428154,"[""c375850268f7ce"", ""0c27ea5e60af99"", ""0011595a7d28ef""]"
fb584438b4e117+0011595a7d28ef,2,0.7358490566037735,0.11239193083573487,53,0.010743331878883433,-0.03222708974348043,0.3296907102794775,"[""fb584438b4e117"", ""0011595a7d28ef""]"
c375850268f7ce+0011595a7d28ef+d3c6e0ebd1039b,3,0.7352941176470589,0.1440922190201729,68,0.012889070359697552,-0.03379550977782708,0.5323728345300508,"[""c375850268f7ce"", ""0011595a7d28ef"", ""d3c6e0ebd1039b""]"
6afb52531f2875+0011595a7d28ef+d3c6e0ebd1039b,3,0.734375,0.13544668587896252,64,0.006683588075774072,-0.024513953345268957,0.3037543682396905,"[""6afb52531f2875"", ""0011595a7d28ef"", ""d3c6e0ebd1039b""]"
0c27ea5e60af99+0011595a7d28ef+d3c6e0ebd1039b,3,0.734375,0.13544668587896252,64,0.006683588075774072,-0.024513953345268957,0.3037543682396905,"[""0c27ea5e60af99"", ""0011595a7d28ef"", ""d3c6e0ebd1039b""]"
c375850268f7ce+0011595a7d28ef+e6da9b503cc726,3,0.7261904761904762,0.17579250720461095,84,0.013884919732016554,-0.02863453455004028,0.5667799192462968,"[""c375850268f7ce"", ""0011595a7d28ef"", ""e6da9b503cc726""]"
0ddaafafb62640+fb584438b4e117+0011595a7d28ef,3,0.726027397260274,0.15273775216138327,73,0.020021459900679828,-0.017528981884951,0.7302459886463393,"[""0ddaafafb62640"", ""fb584438b4e117"", ""0011595a7d28ef""]"
fb584438b4e117+6afb52531f2875+0011595a7d28ef,3,0.7258064516129032,0.12968299711815562,62,0.00890346995659752,-0.022438037138947986,0.38880676517101287,"[""fb584438b4e117"", ""6afb52531f2875"", ""0011595a7d28ef""]"
fb584438b4e117+0c27ea5e60af99+0011595a7d28ef,3,0.7258064516129032,0.12968299711815562,62,0.00890346995659752,-0.022438037138947986,0.38880676517101287,"[""fb584438b4e117"", ""0c27ea5e60af99"", ""0011595a7d28ef""]"
c375850268f7ce+0ddaafafb62640+0011595a7d28ef,3,0.7222222222222222,0.14985590778097982,72,0.02335839122834482,-0.018643175463550654,0.8672683873320602,"[""c375850268f7ce"", ""0ddaafafb62640"", ""0011595a7d28ef""]"
6afb52531f2875+0011595a7d28ef+e6da9b503cc726,3,0.7215189873417721,0.1642651296829971,79,0.007671135421240427,-0.01929985936937062,0.34138333794710546,"[""6afb52531f2875"", ""0011595a7d28ef"", ""e6da9b503cc726""]"
0c27ea5e60af99+0011595a7d28ef+e6da9b503cc726,3,0.7215189873417721,0.1642651296829971,79,0.007671135421240427,-0.01929985936937062,0.34138333794710546,"[""0c27ea5e60af99"", ""0011595a7d28ef"", ""e6da9b503cc726""]"
c375850268f7ce+e6da9b503cc726,2,0.72,0.1037463976945245,50,0.016541220385298372,-0.026914299212270065,0.7758618250008816,"[""c375850268f7ce"", ""e6da9b503cc726""]"
ba0c5d34a6d53f+fb584438b4e117+0011595a7d28ef,3,0.7183098591549296,0.14697406340057637,71,0.017209745073054394,-0.017528981884951,0.6328240178176718,"[""ba0c5d34a6d53f"", ""fb584438b4e117"", ""0011595a7d28ef""]"
fb584438b4e117+0011595a7d28ef+e6da9b503cc726,3,0.7176470588235294,0.17579250720461095,85,0.010597180173538279,-0.02534373323703465,0.435712707069658,"[""fb584438b4e117"", ""0011595a7d28ef"", ""e6da9b503cc726""]"
a565c95ea659ad+0011595a7d28ef,2,0.7142857142857143,0.11527377521613832,56,0.024789805324960668,-0.03008359455336329,0.6493892324985279,"[""a565c95ea659ad"", ""0011595a7d28ef""]"
c375850268f7ce+ba0c5d34a6d53f+0011595a7d28ef,3,0.7142857142857143,0.1440922190201729,70,0.020537478065526527,-0.018643175463550987,0.7680849699470503,"[""c375850268f7ce"", ""ba0c5d34a6d53f"", ""0011595a7d28ef""]"
a565c95ea659ad+0011595a7d28ef+d3c6e0ebd1039b,3,0.7123287671232876,0.14985590778097982,73,0.0189671940370284,-0.02909627445998164,0.6896322920589064,"[""a565c95ea659ad"", ""0011595a7d28ef"", ""d3c6e0ebd1039b""]"
a565c95ea659ad+0011595a7d28ef+e6da9b503cc726,3,0.7111111111111111,0.1844380403458213,90,0.01997006511416788,-0.02390518558966337,0.7214169639625881,"[""a565c95ea659ad"", ""0011595a7d28ef"", ""e6da9b503cc726""]"
a565c95ea659ad+c375850268f7ce+0011595a7d28ef,3,0.7101449275362319,0.14121037463976946,69,0.024543510569661864,-0.03031521729746034,0.8844335222630437,"[""a565c95ea659ad"", ""c375850268f7ce"", ""0011595a7d28ef""]"
a565c95ea659ad+6afb52531f2875+0011595a7d28ef,3,0.7076923076923077,0.13256484149855907,65,0.018268931560098345,-0.020996693223749308,0.6981257656094104,"[""a565c95ea659ad"", ""6afb52531f2875"", ""0011595a7d28ef""]"
a565c95ea659ad+0c27ea5e60af99+0011595a7d28ef,3,0.7076923076923077,0.13256484149855907,65,0.018268931560098345,-0.020996693223749308,0.6981257656094104,"[""a565c95ea659ad"", ""0c27ea5e60af99"", ""0011595a7d28ef""]"
fb584438b4e117+e6da9b503cc726,2,0.7058823529411765,0.1037463976945245,51,0.011591537506006722,-0.02270008857143302,0.5370672108746604,"[""fb584438b4e117"", ""e6da9b503cc726""]"
c375850268f7ce+6afb52531f2875+e6da9b503cc726,3,0.7017543859649122,0.11527377521613832,57,0.012671669751564307,-0.01745146702363798,0.8536331372546211,"[""c375850268f7ce"", ""6afb52531f2875"", ""e6da9b503cc726""]"
c375850268f7ce+0c27ea5e60af99+e6da9b503cc726,3,0.7017543859649122,0.11527377521613832,57,0.012671669751564307,-0.01745146702363798,0.8536331372546211,"[""c375850268f7ce"", ""0c27ea5e60af99"", ""e6da9b503cc726""]"
a565c95ea659ad+fb584438b4e117+0011595a7d28ef,3,0.7,0.14121037463976946,70,0.021215539641732395,-0.0270301098177117,0.7619566825654149,"[""a565c95ea659ad"", ""fb584438b4e117"", ""0011595a7d28ef""]"
0ddaafafb62640+0011595a7d28ef,2,0.6984126984126984,0.12680115273775217,63,0.02305066962607083,-0.02679397165204689,0.6347067244362775,"[""0ddaafafb62640"", ""0011595a7d28ef""]"
0ddaafafb62640+fb584438b4e117+e6da9b503cc726,3,0.6923076923076923,0.12968299711815562,65,0.020516798765956912,-0.012782454410187105,0.9802140383390003,"[""0ddaafafb62640"", ""fb584438b4e117"", ""e6da9b503cc726""]"
0ddaafafb62640+0011595a7d28ef+e6da9b503cc726,3,0.6923076923076923,0.18155619596541786,91,0.018811508972975677,-0.015140520082029929,0.7141933562909116,"[""0ddaafafb62640"", ""0011595a7d28ef"", ""e6da9b503cc726""]"
0ddaafafb62640+6afb52531f2875+0011595a7d28ef,3,0.6901408450704225,0.14121037463976946,71,0.017100287182611362,-0.018266671261461198,0.6796723869477961,"[""0ddaafafb62640"", ""6afb52531f2875"", ""0011595a7d28ef""]"
0ddaafafb62640+0c27ea5e60af99+0011595a7d28ef,3,0.6901408450704225,0.14121037463976946,71,0.017100287182611362,-0.018266671261461198,0.6796723869477961,"[""0ddaafafb62640"", ""0c27ea5e60af99"", ""0011595a7d28ef""]"
fb584438b4e117+6afb52531f2875+e6da9b503cc726,3,0.6896551724137931,0.11527377521613832,58,0.009384130415587943,-0.014621905371548838,0.6231408239084836,"[""fb584438b4e117"", ""6afb52531f2875"", ""e6da9b503cc726""]"
fb584438b4e117+0c27ea5e60af99+e6da9b503cc726,3,0.6896551724137931,0.11527377521613832,58,0.009384130415587943,-0.014621905371548838,0.6231408239084836,"[""fb584438b4e117"", ""0c27ea5e60af99"", ""e6da9b503cc726""]"
0ddaafafb62640+0011595a7d28ef+d3c6e0ebd1039b,3,0.6891891891891891,0.14697406340057637,74,0.01777228986006163,-0.018134361663633358,0.6498882742984902,"[""0ddaafafb62640"", ""0011595a7d28ef"", ""d3c6e0ebd1039b""]"
ba0c5d34a6d53f+0011595a7d28ef,2,0.6885245901639344,0.12103746397694524,61,0.018825887301231914,-0.027183478441120346,0.5253604586291969,"[""ba0c5d34a6d53f"", ""0011595a7d28ef""]"
c375850268f7ce+0ddaafafb62640+e6da9b503cc726,3,0.6875,0.12680115273775217,64,0.02385343796038142,-0.013530774275275825,1.1783773399240913,"[""c375850268f7ce"", ""0ddaafafb62640"", ""e6da9b503cc726""]"
78293b292523ea+0011595a7d28ef+e6da9b503cc726,3,0.6868686868686869,0.19596541786743515,99,0.017877176433696906,-0.03552768255816885,0.5646477582729356,"[""78293b292523ea"", ""0011595a7d28ef"", ""e6da9b503cc726""]"
a565c95ea659ad+fb584438b4e117+d3c6e0ebd1039b,3,0.6862745098039216,0.10086455331412104,51,0.020687718635762575,-0.02361223552736258,0.9597488709926745,"[""a565c95ea659ad"", ""fb584438b4e117"", ""d3c6e0ebd1039b""]"
ba0c5d34a6d53f+0011595a7d28ef+e6da9b503cc726,3,0.6853932584269663,0.17579250720461095,89,0.01600312940553672,-0.01540333571528918,0.6128438521115321,"[""ba0c5d34a6d53f"", ""0011595a7d28ef"", ""e6da9b503cc726""]"
c375850268f7ce+90560d58111e56+0011595a7d28ef,3,0.684931506849315,0.1440922190201729,73,0.021113747936060134,-0.018643175463550765,0.7723147776768156,"[""c375850268f7ce"", ""90560d58111e56"", ""0011595a7d28ef""]"
ba0c5d34a6d53f+fb584438b4e117+e6da9b503cc726,3,0.6825396825396826,0.1239193083573487,63,0.01770371852428365,-0.012782454410186883,0.8537108783208042,"[""ba0c5d34a6d53f"", ""fb584438b4e117"", ""e6da9b503cc726""]"
a565c95ea659ad+c375850268f7ce+e6da9b503cc726,3,0.6818181818181818,0.12968299711815562,66,0.02502837219437737,-0.021581493261869866,1.1727254333484642,"[""a565c95ea659ad"", ""c375850268f7ce"", ""e6da9b503cc726""]"
ba0c5d34a6d53f+6afb52531f2875+0011595a7d28ef,3,0.6811594202898551,0.13544668587896252,69,0.014296624641108702,-0.018528652662610057,0.5736281493155762,"[""ba0c5d34a6d53f"", ""6afb52531f2875"", ""0011595a7d28ef""]"
ba0c5d34a6d53f+0c27ea5e60af99+0011595a7d28ef,3,0.6811594202898551,0.13544668587896252,69,0.014296624641108702,-0.018528652662610057,0.5736281493155762,"[""ba0c5d34a6d53f"", ""0c27ea5e60af99"", ""0011595a7d28ef""]"
ba0c5d34a6d53f+0011595a7d28ef+d3c6e0ebd1039b,3,0.6805555555555556,0.14121037463976946,72,0.014966774926264526,-0.0183963783723895,0.552298950757363,"[""ba0c5d34a6d53f"", ""0011595a7d28ef"", ""d3c6e0ebd1039b""]"
a565c95ea659ad+c375850268f7ce+d3c6e0ebd1039b,3,0.68,0.09798270893371758,50,0.024020327708014877,-0.026781425687555593,1.1409741521574013,"[""a565c95ea659ad"", ""c375850268f7ce"", ""d3c6e0ebd1039b""]"
90560d58111e56+0011595a7d28ef+e6da9b503cc726,3,0.6777777777777778,0.17579250720461095,90,0.016567103293141594,-0.014003750571217832,0.612621582693234,"[""90560d58111e56"", ""0011595a7d28ef"", ""e6da9b503cc726""]"
c375850268f7ce+ba0c5d34a6d53f+e6da9b503cc726,3,0.6774193548387096,0.12103746397694524,62,0.02103116018878648,-0.013530774275276047,1.0485002055136197,"[""c375850268f7ce"", ""ba0c5d34a6d53f"", ""e6da9b503cc726""]"
7b12bcd0e19b02+0011595a7d28ef+e6da9b503cc726,3,0.6764705882352942,0.1988472622478386,102,0.024321692882340873,-0.024284140350730343,0.7927652157185413,"[""7b12bcd0e19b02"", ""0011595a7d28ef"", ""e6da9b503cc726""]"
fb584438b4e117+90560d58111e56+0011595a7d28ef,3,0.6756756756756757,0.1440922190201729,74,0.017784993389917236,-0.01752898188495089,0.6407416664479202,"[""fb584438b4e117"", ""90560d58111e56"", ""0011595a7d28ef""]"
90560d58111e56+0011595a7d28ef+d3c6e0ebd1039b,3,0.6756756756756757,0.1440922190201729,74,0.015516475558309262,-0.019331782628346894,0.5461229918144781,"[""90560d58111e56"", ""0011595a7d28ef"", ""d3c6e0ebd1039b""]"
a565c95ea659ad+fb584438b4e117+e6da9b503cc726,3,0.6716417910447762,0.12968299711815562,67,0.021700718034852295,-0.018266797587414008,1.0088541472428432,"[""a565c95ea659ad"", ""fb584438b4e117"", ""e6da9b503cc726""]"
78293b292523ea+0011595a7d28ef+d3c6e0ebd1039b,3,0.6707317073170732,0.1585014409221902,82,0.016909618750710953,-0.04065696040995903,0.5515799867583682,"[""78293b292523ea"", ""0011595a7d28ef"", ""d3c6e0ebd1039b""]"
7b12bcd0e19b02+0011595a7d28ef+d3c6e0ebd1039b,3,0.6705882352941176,0.1642651296829971,85,0.02331454312901826,-0.0294732138555186,0.7629871574702641,"[""7b12bcd0e19b02"", ""0011595a7d28ef"", ""d3c6e0ebd1039b""]"
a565c95ea659ad+e6da9b503cc726,2,0.6666666666666666,0.1037463976945245,54,0.025657659897050378,-0.018323180018384844,0.9218092240955869,"[""a565c95ea659ad"", ""e6da9b503cc726""]"
c375850268f7ce+78293b292523ea+0011595a7d28ef,3,0.6666666666666666,0.14985590778097982,78,0.02246695492154549,-0.04186138912521886,0.71894815288083,"[""c375850268f7ce"", ""78293b292523ea"", ""0011595a7d28ef""]"
78293b292523ea+0011595a7d28ef,2,0.6666666666666666,0.12680115273775217,66,0.021572424231490528,-0.04737776759095802,0.49625389866852043,"[""78293b292523ea"", ""0011595a7d28ef""]"
90560d58111e56+0011595a7d28ef,2,0.6666666666666666,0.12103746397694524,63,0.01964612747664307,-0.02688106931181189,0.526172041172221,"[""90560d58111e56"", ""0011595a7d28ef""]"
78293b292523ea+6afb52531f2875+0011595a7d28ef,3,0.6666666666666666,0.1440922190201729,75,0.016199043946543146,-0.03265382201613776,0.5432877319269017,"[""78293b292523ea"", ""6afb52531f2875"", ""0011595a7d28ef""]"
78293b292523ea+0c27ea5e60af99+0011595a7d28ef,3,0.6666666666666666,0.1440922190201729,75,0.016199043946543146,-0.03265382201613776,0.5432877319269017,"[""78293b292523ea"", ""0c27ea5e60af99"", ""0011595a7d28ef""]"
c375850268f7ce+7b12bcd0e19b02+0011595a7d28ef,3,0.6625,0.15273775216138327,80,0.02892077565239859,-0.030691683455987162,0.9425967189169041,"[""c375850268f7ce"", ""7b12bcd0e19b02"", ""0011595a7d28ef""]"
7b12bcd0e19b02+6afb52531f2875+0011595a7d28ef,3,0.6623376623376623,0.14697406340057637,77,0.022613301566241528,-0.021376777165110106,0.7714814993692378,"[""7b12bcd0e19b02"", ""6afb52531f2875"", ""0011595a7d28ef""]"
7b12bcd0e19b02+0c27ea5e60af99+0011595a7d28ef,3,0.6623376623376623,0.14697406340057637,77,0.022613301566241528,-0.021376777165110106,0.7714814993692378,"[""7b12bcd0e19b02"", ""0c27ea5e60af99"", ""0011595a7d28ef""]"
90560d58111e56+6afb52531f2875+0011595a7d28ef,3,0.6619718309859155,0.13544668587896252,71,0.014856588437410112,-0.018319788290255268,0.571582106017041,"[""90560d58111e56"", ""6afb52531f2875"", ""0011595a7d28ef""]"
90560d58111e56+0c27ea5e60af99+0011595a7d28ef,3,0.6619718309859155,0.13544668587896252,71,0.014856588437410112,-0.018319788290255268,0.571582106017041,"[""90560d58111e56"", ""0c27ea5e60af99"", ""0011595a7d28ef""]"
7b12bcd0e19b02+0011595a7d28ef,2,0.6617647058823529,0.12968299711815562,68,0.03128238405015793,-0.030650534333636736,0.7257401580609321,"[""7b12bcd0e19b02"", ""0011595a7d28ef""]"
7de4db9c2df145+0011595a7d28ef+e6da9b503cc726,3,0.660377358490566,0.2017291066282421,106,0.017891873678017145,-0.022334714208311235,0.5498565645580304,"[""7de4db9c2df145"", ""0011595a7d28ef"", ""e6da9b503cc726""]"
78293b292523ea+fb584438b4e117+0011595a7d28ef,3,0.6582278481012658,0.14985590778097982,79,0.019145729160372715,-0.03861539787799295,0.6125621835298505,"[""78293b292523ea"", ""fb584438b4e117"", ""0011595a7d28ef""]"
a565c95ea659ad+6afb52531f2875+e6da9b503cc726,3,0.6557377049180327,0.11527377521613832,61,0.018757460578135987,-0.012179039421362448,0.9779855081996999,"[""a565c95ea659ad"", ""6afb52531f2875"", ""e6da9b503cc726""]"
a565c95ea659ad+0c27ea5e60af99+e6da9b503cc726,3,0.6557377049180327,0.11527377521613832,61,0.018757460578135987,-0.012179039421362448,0.9779855081996999,"[""a565c95ea659ad"", ""0c27ea5e60af99"", ""e6da9b503cc726""]"
7b12bcd0e19b02+fb584438b4e117+0011595a7d28ef,3,0.654320987654321,0.15273775216138327,81,0.02557858628397569,-0.027407851371928804,0.831612717296547,"[""7b12bcd0e19b02"", ""fb584438b4e117"", ""0011595a7d28ef""]"
c375850268f7ce+78293b292523ea+e6da9b503cc726,3,0.6533333333333333,0.14121037463976946,75,0.02293656082296791,-0.03354440363221722,0.8689993154224376,"[""c375850268f7ce"", ""78293b292523ea"", ""e6da9b503cc726""]"
c375850268f7ce+90560d58111e56+e6da9b503cc726,3,0.6507936507936508,0.11815561959654179,63,0.02161078626884194,-0.014188697453971333,1.0422396418767297,"[""c375850268f7ce"", ""90560d58111e56"", ""e6da9b503cc726""]"
7de4db9c2df145+0011595a7d28ef+d3c6e0ebd1039b,3,0.6477272727272727,0.1642651296829971,88,0.01689258239629665,-0.018415472742226657,0.5215594370668422,"[""7de4db9c2df145"", ""0011595a7d28ef"", ""d3c6e0ebd1039b""]"
78293b292523ea+fb584438b4e117+e6da9b503cc726,3,0.6447368421052632,0.14121037463976946,76,0.019615697524068,-0.030761186720127287,0.7418978634687755,"[""78293b292523ea"", ""fb584438b4e117"", ""e6da9b503cc726""]"
c375850268f7ce+7b12bcd0e19b02+e6da9b503cc726,3,0.6410256410256411,0.1440922190201729,78,0.029413109904500523,-0.021961350163034132,1.181558338854788,"[""c375850268f7ce"", ""7b12bcd0e19b02"", ""e6da9b503cc726""]"
78293b292523ea+e6da9b503cc726,2,0.640625,0.11815561959654179,64,0.022405220161817008,-0.03483379458968194,0.6200759465127169,"[""78293b292523ea"", ""e6da9b503cc726""]"
fb584438b4e117+90560d58111e56+e6da9b503cc726,3,0.640625,0.11815561959654179,64,0.018282296804497555,-0.01278245441018655,0.856109407812088,"[""fb584438b4e117"", ""90560d58111e56"", ""e6da9b503cc726""]"
fb584438b4e117+90560d58111e56+d3c6e0ebd1039b,3,0.64,0.09221902017291066,50,0.017221489030459614,-0.01976207398298513,0.7369464551776329,"[""fb584438b4e117"", ""90560d58111e56"", ""d3c6e0ebd1039b""]"
0ddaafafb62640+e6da9b503cc726,2,0.6363636363636364,0.10086455331412104,55,0.023941260500318418,-0.018187504141027877,0.9547148680428336,"[""0ddaafafb62640"", ""e6da9b503cc726""]"
7b12bcd0e19b02+fb584438b4e117+d3c6e0ebd1039b,3,0.6349206349206349,0.11527377521613832,63,0.02505388844292744,-0.025486063205266363,0.9992049974644368,"[""7b12bcd0e19b02"", ""fb584438b4e117"", ""d3c6e0ebd1039b""]"
78293b292523ea+6afb52531f2875+e6da9b503cc726,3,0.6338028169014085,0.12968299711815562,71,0.016672394309627192,-0.023941161246265996,0.676714722420551,"[""78293b292523ea"", ""6afb52531f2875"", ""e6da9b503cc726""]"
78293b292523ea+0c27ea5e60af99+e6da9b503cc726,3,0.6338028169014085,0.12968299711815562,71,0.016672394309627192,-0.023941161246265996,0.676714722420551,"[""78293b292523ea"", ""0c27ea5e60af99"", ""e6da9b503cc726""]"
78293b292523ea+fb584438b4e117+d3c6e0ebd1039b,3,0.6333333333333333,0.10951008645533142,60,0.018638077504589123,-0.03523822069308091,0.7329624693599066,"[""78293b292523ea"", ""fb584438b4e117"", ""d3c6e0ebd1039b""]"
7b12bcd0e19b02+fb584438b4e117+e6da9b503cc726,3,0.6329113924050633,0.1440922190201729,79,0.02607122112369642,-0.018647941371458976,1.0429986416533756,"[""7b12bcd0e19b02"", ""fb584438b4e117"", ""e6da9b503cc726""]"
c375850268f7ce+78293b292523ea+6afb52531f2875,3,0.6296296296296297,0.09798270893371758,54,0.021249892847092777,-0.030350956701296616,0.8760881133162596,"[""c375850268f7ce"", ""78293b292523ea"", ""6afb52531f2875""]"
c375850268f7ce+78293b292523ea+0c27ea5e60af99,3,0.6296296296296297,0.09798270893371758,54,0.021249892847092777,-0.030350956701296616,0.8760881133162596,"[""c375850268f7ce"", ""78293b292523ea"", ""0c27ea5e60af99""]"
6afb52531f2875+7de4db9c2df145+0011595a7d28ef,3,0.6296296296296297,0.14697406340057637,81,0.016195707612477683,-0.018552739284388164,0.5188294521650008,"[""6afb52531f2875"", ""7de4db9c2df145"", ""0011595a7d28ef""]"
0c27ea5e60af99+7de4db9c2df145+0011595a7d28ef,3,0.6296296296296297,0.14697406340057637,81,0.016195707612477683,-0.018552739284388164,0.5188294521650008,"[""0c27ea5e60af99"", ""7de4db9c2df145"", ""0011595a7d28ef""]"
c375850268f7ce+7b12bcd0e19b02+d3c6e0ebd1039b,3,0.6290322580645161,0.11239193083573487,62,0.02840075333196279,-0.028649171236560633,1.1508351404085975,"[""c375850268f7ce"", ""7b12bcd0e19b02"", ""d3c6e0ebd1039b""]"
0ddaafafb62640+6afb52531f2875+e6da9b503cc726,3,0.6290322580645161,0.11239193083573487,62,0.01759893221640385,-0.010722178693301054,1.0208396408053835,"[""0ddaafafb62640"", ""6afb52531f2875"", ""e6da9b503cc726""]"
0ddaafafb62640+0c27ea5e60af99+e6da9b503cc726,3,0.6290322580645161,0.11239193083573487,62,0.01759893221640385,-0.010722178693301054,1.0208396408053835,"[""0ddaafafb62640"", ""0c27ea5e60af99"", ""e6da9b503cc726""]"
c375850268f7ce+78293b292523ea+d3c6e0ebd1039b,3,0.6271186440677966,0.10662824207492795,59,0.021963994370691076,-0.03836967486442755,0.8755351215438352,"[""c375850268f7ce"", ""78293b292523ea"", ""d3c6e0ebd1039b""]"
7b12bcd0e19b02+e6da9b503cc726,2,0.6268656716417911,0.12103746397694524,67,0.0321678882426224,-0.01748951471159843,0.9457856569876323,"[""7b12bcd0e19b02"", ""e6da9b503cc726""]"
c375850268f7ce+7b12bcd0e19b02+6afb52531f2875,3,0.625,0.10086455331412104,56,0.027696031471047045,-0.020549396999221314,1.1883414543841433,"[""c375850268f7ce"", ""7b12bcd0e19b02"", ""6afb52531f2875""]"
c375850268f7ce+7b12bcd0e19b02+0c27ea5e60af99,3,0.625,0.10086455331412104,56,0.027696031471047045,-0.020549396999221314,1.1883414543841433,"[""c375850268f7ce"", ""7b12bcd0e19b02"", ""0c27ea5e60af99""]"
7de4db9c2df145+0011595a7d28ef,2,0.625,0.12968299711815562,72,0.02152873058711613,-0.027681989453318345,0.47581048630466416,"[""7de4db9c2df145"", ""0011595a7d28ef""]"
ba0c5d34a6d53f+e6da9b503cc726,2,0.6226415094339622,0.09510086455331412,53,0.01971280039812573,-0.018187504141027877,0.7977304695883658,"[""ba0c5d34a6d53f"", ""e6da9b503cc726""]"
7b12bcd0e19b02+6afb52531f2875+e6da9b503cc726,3,0.6216216216216216,0.13256484149855907,74,0.02310928288489622,-0.012562546689884213,1.0023691950924212,"[""7b12bcd0e19b02"", ""6afb52531f2875"", ""e6da9b503cc726""]"
7b12bcd0e19b02+0c27ea5e60af99+e6da9b503cc726,3,0.6216216216216216,0.13256484149855907,74,0.02310928288489622,-0.012562546689884213,1.0023691950924212,"[""7b12bcd0e19b02"", ""0c27ea5e60af99"", ""e6da9b503cc726""]"
7b12bcd0e19b02+6afb52531f2875+d3c6e0ebd1039b,3,0.6206896551724138,0.1037463976945245,58,0.02210538920628058,-0.020411078462301058,0.9737188398717314,"[""7b12bcd0e19b02"", ""6afb52531f2875"", ""d3c6e0ebd1039b""]"
7b12bcd0e19b02+0c27ea5e60af99+d3c6e0ebd1039b,3,0.6206896551724138,0.1037463976945245,58,0.02210538920628058,-0.020411078462301058,0.9737188398717314,"[""7b12bcd0e19b02"", ""0c27ea5e60af99"", ""d3c6e0ebd1039b""]"
78293b292523ea+fb584438b4e117+6afb52531f2875,3,0.6181818181818182,0.09798270893371758,55,0.0179288547943377,-0.0270659702998457,0.7310620312085722,"[""78293b292523ea"", ""fb584438b4e117"", ""6afb52531f2875""]"
78293b292523ea+fb584438b4e117+0c27ea5e60af99,3,0.6181818181818182,0.09798270893371758,55,0.0179288547943377,-0.0270659702998457,0.7310620312085722,"[""78293b292523ea"", ""fb584438b4e117"", ""0c27ea5e60af99""]"
78293b292523ea+6afb52531f2875+d3c6e0ebd1039b,3,0.6181818181818182,0.09798270893371758,55,0.015708032920782378,-0.030214022345869118,0.6792859983342441,"[""78293b292523ea"", ""6afb52531f2875"", ""d3c6e0ebd1039b""]"
78293b292523ea+0c27ea5e60af99+d3c6e0ebd1039b,3,0.6181818181818182,0.09798270893371758,55,0.015708032920782378,-0.030214022345869118,0.6792859983342441,"[""78293b292523ea"", ""0c27ea5e60af99"", ""d3c6e0ebd1039b""]"
ba0c5d34a6d53f+6afb52531f2875+e6da9b503cc726,3,0.6166666666666667,0.10662824207492795,60,0.014793895147314107,-0.010722178693300943,0.8687959043667018,"[""ba0c5d34a6d53f"", ""6afb52531f2875"", ""e6da9b503cc726""]"
ba0c5d34a6d53f+0c27ea5e60af99+e6da9b503cc726,3,0.6166666666666667,0.10662824207492795,60,0.014793895147314107,-0.010722178693300943,0.8687959043667018,"[""ba0c5d34a6d53f"", ""0c27ea5e60af99"", ""e6da9b503cc726""]"
0ddaafafb62640+7de4db9c2df145+0011595a7d28ef,3,0.6145833333333334,0.17002881844380405,96,0.027417634848144745,-0.021370996037847423,0.7998937394118614,"[""0ddaafafb62640"", ""7de4db9c2df145"", ""0011595a7d28ef""]"
7b12bcd0e19b02+fb584438b4e117+6afb52531f2875,3,0.6140350877192983,0.10086455331412104,57,0.024354030995861198,-0.01723120477907003,1.0302485654716422,"[""7b12bcd0e19b02"", ""fb584438b4e117"", ""6afb52531f2875""]"
7b12bcd0e19b02+fb584438b4e117+0c27ea5e60af99,3,0.6140350877192983,0.10086455331412104,57,0.024354030995861198,-0.01723120477907003,1.0302485654716422,"[""7b12bcd0e19b02"", ""fb584438b4e117"", ""0c27ea5e60af99""]"
a565c95ea659ad+7de4db9c2df145+0011595a7d28ef,3,0.611764705882353,0.14985590778097982,85,0.02854102356531385,-0.01893942783766589,0.7849379092808425,"[""a565c95ea659ad"", ""7de4db9c2df145"", ""0011595a7d28ef""]"
7de4db9c2df145+e6da9b503cc726,2,0.6111111111111112,0.12680115273775217,72,0.0223929701519634,-0.028514045132209564,0.5857652872908594,"[""7de4db9c2df145"", ""e6da9b503cc726""]"
90560d58111e56+e6da9b503cc726,2,0.6111111111111112,0.09510086455331412,54,0.02054068459432834,-0.018187504141027877,0.7654075387017425,"[""90560d58111e56"", ""e6da9b503cc726""]"
6afb52531f2875+7de4db9c2df145+e6da9b503cc726,3,0.6075949367088608,0.138328530259366,79,0.01668290165739794,-0.018525449823020734,0.6424650361294004,"[""6afb52531f2875"", ""7de4db9c2df145"", ""e6da9b503cc726""]"
0c27ea5e60af99+7de4db9c2df145+e6da9b503cc726,3,0.6075949367088608,0.138328530259366,79,0.01668290165739794,-0.018525449823020734,0.6424650361294004,"[""0c27ea5e60af99"", ""7de4db9c2df145"", ""e6da9b503cc726""]"
90560d58111e56+6afb52531f2875+e6da9b503cc726,3,0.6065573770491803,0.10662824207492795,61,0.015357197800229372,-0.010722178693300721,0.8325229737012263,"[""90560d58111e56"", ""6afb52531f2875"", ""e6da9b503cc726""]"
90560d58111e56+0c27ea5e60af99+e6da9b503cc726,3,0.6065573770491803,0.10662824207492795,61,0.015357197800229372,-0.010722178693300721,0.8325229737012263,"[""90560d58111e56"", ""0c27ea5e60af99"", ""e6da9b503cc726""]"
ba0c5d34a6d53f+7de4db9c2df145+0011595a7d28ef,3,0.6063829787234043,0.1642651296829971,94,0.02458553227811855,-0.021591745360370007,0.7217237436705228,"[""ba0c5d34a6d53f"", ""7de4db9c2df145"", ""0011595a7d28ef""]"
6afb52531f2875+7de4db9c2df145+d3c6e0ebd1039b,3,0.5967741935483871,0.10662824207492795,62,0.01568684828388678,-0.012490598548605902,0.6119249169913163,"[""6afb52531f2875"", ""7de4db9c2df145"", ""d3c6e0ebd1039b""]"
0c27ea5e60af99+7de4db9c2df145+d3c6e0ebd1039b,3,0.5967741935483871,0.10662824207492795,62,0.01568684828388678,-0.012490598548605902,0.6119249169913163,"[""0c27ea5e60af99"", ""7de4db9c2df145"", ""d3c6e0ebd1039b""]"
a565c95ea659ad+7de4db9c2df145+e6da9b503cc726,3,0.5952380952380952,0.1440922190201729,84,0.02903277887914002,-0.019081083022006173,0.9040093370498304,"[""a565c95ea659ad"", ""7de4db9c2df145"", ""e6da9b503cc726""]"
7b12bcd0e19b02+7de4db9c2df145+0011595a7d28ef,3,0.59375,0.1642651296829971,96,0.03293523648381602,-0.019764290022509345,0.8498895041411493,"[""7b12bcd0e19b02"", ""7de4db9c2df145"", ""0011595a7d28ef""]"
90560d58111e56+7de4db9c2df145+0011595a7d28ef,3,0.59375,0.1642651296829971,96,0.025151176282399712,-0.021383532836828922,0.7216697168941114,"[""90560d58111e56"", ""7de4db9c2df145"", ""0011595a7d28ef""]"
78293b292523ea+7de4db9c2df145+0011595a7d28ef,3,0.5894736842105263,0.16138328530259366,95,0.02645025534217993,-0.023147135299525057,0.6754790870293317,"[""78293b292523ea"", ""7de4db9c2df145"", ""0011595a7d28ef""]"
78293b292523ea+7de4db9c2df145+e6da9b503cc726,3,0.5851063829787234,0.1585014409221902,94,0.02692668236504603,-0.018132800350784795,0.7576182885154811,"[""78293b292523ea"", ""7de4db9c2df145"", ""e6da9b503cc726""]"
0ddaafafb62640+7de4db9c2df145+e6da9b503cc726,3,0.5842696629213483,0.14985590778097982,89,0.027919635901063167,-0.01640205793573446,0.9510554684799323,"[""0ddaafafb62640"", ""7de4db9c2df145"", ""e6da9b503cc726""]"
7b12bcd0e19b02+7de4db9c2df145+e6da9b503cc726,3,0.5833333333333334,0.16138328530259366,96,0.03343451491437288,-0.015597749976387965,0.9699299135989315,"[""7b12bcd0e19b02"", ""7de4db9c2df145"", ""e6da9b503cc726""]"
7de4db9c2df145+d3c6e0ebd1039b,2,0.5769230769230769,0.08645533141210375,52,0.020897774020990356,-0.017421978607014776,0.5531209735146715,"[""7de4db9c2df145"", ""d3c6e0ebd1039b""]"
ba0c5d34a6d53f+7de4db9c2df145+e6da9b503cc726,3,0.5747126436781609,0.1440922190201729,87,0.02508614955249966,-0.016664536920084516,0.8599079437469278,"[""ba0c5d34a6d53f"", ""7de4db9c2df145"", ""e6da9b503cc726""]"
a565c95ea659ad+7de4db9c2df145+d3c6e0ebd1039b,3,0.5692307692307692,0.10662824207492795,65,0.028021326741429764,-0.016930471265299563,0.8753021385103468,"[""a565c95ea659ad"", ""7de4db9c2df145"", ""d3c6e0ebd1039b""]"
90560d58111e56+7de4db9c2df145+e6da9b503cc726,3,0.5681818181818182,0.1440922190201729,88,0.02565516534011003,-0.016622230277927197,0.8545641673180487,"[""90560d58111e56"", ""7de4db9c2df145"", ""e6da9b503cc726""]"
7b12bcd0e19b02+7de4db9c2df145+d3c6e0ebd1039b,3,0.5584415584415584,0.1239193083573487,77,0.032418736242645796,-0.017312133858803147,0.9422270810336278,"[""7b12bcd0e19b02"", ""7de4db9c2df145"", ""d3c6e0ebd1039b""]"
0ddaafafb62640+7de4db9c2df145+d3c6e0ebd1039b,3,0.5571428571428572,0.11239193083573487,70,0.0268714555733931,-0.015615264410372864,0.8863205553161403,"[""0ddaafafb62640"", ""7de4db9c2df145"", ""d3c6e0ebd1039b""]"
0ddaafafb62640+6afb52531f2875+7de4db9c2df145,3,0.5507246376811594,0.10951008645533142,69,0.026197121467583573,-0.016444454559296107,0.9298833158569829,"[""0ddaafafb62640"", ""6afb52531f2875"", ""7de4db9c2df145""]"
0ddaafafb62640+0c27ea5e60af99+7de4db9c2df145,3,0.5507246376811594,0.10951008645533142,69,0.026197121467583573,-0.016444454559296107,0.9298833158569829,"[""0ddaafafb62640"", ""0c27ea5e60af99"", ""7de4db9c2df145""]"
78293b292523ea+7de4db9c2df145+d3c6e0ebd1039b,3,0.5466666666666666,0.11815561959654179,75,0.02595085160490984,-0.028636017129152203,0.748202864670517,"[""78293b292523ea"", ""7de4db9c2df145"", ""d3c6e0ebd1039b""]"
ba0c5d34a6d53f+7de4db9c2df145+d3c6e0ebd1039b,3,0.5441176470588235,0.10662824207492795,68,0.024040858560285372,-0.01587795335527331,0.7980244286401798,"[""ba0c5d34a6d53f"", ""7de4db9c2df145"", ""d3c6e0ebd1039b""]"
90560d58111e56+7de4db9c2df145+d3c6e0ebd1039b,3,0.5428571428571428,0.10951008645533142,70,0.024595473667987866,-0.014698087516530123,0.7848605555308632,"[""90560d58111e56"", ""7de4db9c2df145"", ""d3c6e0ebd1039b""]"
a565c95ea659ad+6afb52531f2875+7de4db9c2df145,3,0.5423728813559322,0.09221902017291066,59,0.027320540271110305,-0.016163076035884516,0.8899965989160883,"[""a565c95ea659ad"", ""6afb52531f2875"", ""7de4db9c2df145""]"
a565c95ea659ad+0c27ea5e60af99+7de4db9c2df145,3,0.5423728813559322,0.09221902017291066,59,0.027320540271110305,-0.016163076035884516,0.8899965989160883,"[""a565c95ea659ad"", ""0c27ea5e60af99"", ""7de4db9c2df145""]"
ba0c5d34a6d53f+6afb52531f2875+7de4db9c2df145,3,0.5373134328358209,0.1037463976945245,67,0.023368383273409954,-0.016706922229854704,0.8350016187187032,"[""ba0c5d34a6d53f"", ""6afb52531f2875"", ""7de4db9c2df145""]"
ba0c5d34a6d53f+0c27ea5e60af99+7de4db9c2df145,3,0.5373134328358209,0.1037463976945245,67,0.023368383273409954,-0.016706922229854704,0.8350016187187032,"[""ba0c5d34a6d53f"", ""0c27ea5e60af99"", ""7de4db9c2df145""]"
7b12bcd0e19b02+6afb52531f2875+7de4db9c2df145,3,0.5352112676056338,0.10951008645533142,71,0.03171495212529041,-0.016163076035884516,0.9568622270985887,"[""7b12bcd0e19b02"", ""6afb52531f2875"", ""7de4db9c2df145""]"
7b12bcd0e19b02+0c27ea5e60af99+7de4db9c2df145,3,0.5352112676056338,0.10951008645533142,71,0.03171495212529041,-0.016163076035884516,0.9568622270985887,"[""7b12bcd0e19b02"", ""0c27ea5e60af99"", ""7de4db9c2df145""]"
78293b292523ea+6afb52531f2875+7de4db9c2df145,3,0.5285714285714286,0.10662824207492795,70,0.02523763218134789,-0.01943983142620609,0.746873273055711,"[""78293b292523ea"", ""6afb52531f2875"", ""7de4db9c2df145""]"
78293b292523ea+0c27ea5e60af99+7de4db9c2df145,3,0.5285714285714286,0.10662824207492795,70,0.02523763218134789,-0.01943983142620609,0.746873273055711,"[""78293b292523ea"", ""0c27ea5e60af99"", ""7de4db9c2df145""]"
0ddaafafb62640+7de4db9c2df145,2,0.5254237288135594,0.0893371757925072,59,0.0367356182168308,-0.030034008140335966,0.8861707806223512,"[""0ddaafafb62640"", ""7de4db9c2df145""]"
90560d58111e56+6afb52531f2875+7de4db9c2df145,3,0.5217391304347826,0.1037463976945245,69,0.023933355324969208,-0.01666587059483493,0.8264530542547235,"[""90560d58111e56"", ""6afb52531f2875"", ""7de4db9c2df145""]"
90560d58111e56+0c27ea5e60af99+7de4db9c2df145,3,0.5217391304347826,0.1037463976945245,69,0.023933355324969208,-0.01666587059483493,0.8264530542547235,"[""90560d58111e56"", ""0c27ea5e60af99"", ""7de4db9c2df145""]"
ba0c5d34a6d53f+7de4db9c2df145,2,0.5087719298245614,0.08357348703170028,57,0.03245432263156345,-0.03042221816780788,0.789732503099271,"[""ba0c5d34a6d53f"", ""7de4db9c2df145""]"
7b12bcd0e19b02+7de4db9c2df145,2,0.5,0.08645533141210375,60,0.04497633817822844,-0.024190596346374105,0.9151209456044052,"[""7b12bcd0e19b02"", ""7de4db9c2df145""]"
78293b292523ea+7de4db9c2df145,2,0.4915254237288136,0.08357348703170028,59,0.03512388061367444,-0.02776218760734439,0.7048626177049188,"[""78293b292523ea"", ""7de4db9c2df145""]"
90560d58111e56+7de4db9c2df145,2,0.4915254237288136,0.08357348703170028,59,0.033285534838924935,-0.03036960039595804,0.7826373772633659,"[""90560d58111e56"", ""7de4db9c2df145""]"
